{"pitch": [-4.2511394877027895, 10.479120252812429, 209.44165226004088, 49.26717950937384], "energy": [-1.4546425342559814, 4.2685723304748535, 52.5126882426614, 36.100062918282]}