{"pitch": [-7.480540592327194, 33.54275063058992, 123.2277621017964, 16.473109206598167], "energy": [-1.4850821495056152, 4.6688971519470215, 58.88864127151108, 39.65345870968023]}