{"pitch": [-5.002108975706277, 9.705237500958987, 251.2556830422785, 50.94345921060405], "energy": [-1.7414417266845703, 4.022871494293213, 59.67220330428017, 35.18409089432155]}